sensors,actuators
"[31.32884616476424, 2.9503641625705845, 6.211006206817754, 44.549137264845825]","[False, False, False, False, False, False, False, False]"
"[2.5040049406647946, 22.99777229771398, 21.956510044287253, 3.96620620844777]","[False, False, False, False, False, False, False, False]"
