sensors,actuators
"[13.961625160653329, 29.906249539838313, 32.92071523233305, 3.999764514828313]","[False, True, False, False, False, False, False, False]"
"[16.94182553258985, 6.473709812037242, 13.62507668524019, 23.424529672142686]","[False, True, False, False, False, False, False, False]"
"[41.71784829688326, 11.209108438774951, 13.682172295977152, 4.773092974653769]","[False, True, False, False, False, False, False, False]"
